{"cameraMode":{"drawMode":0,"name":"Shaded","section":"Shading Mode"},"sceneLighting":true,"audioPlay":false,"sceneViewState":{"showFog":true,"showMaterialUpdate":false,"showSkybox":true,"showFlares":true,"showImageEffects":true,"showParticleSystems":true},"in2DMode":false,"pivot":{"x":0.017957210540771486,"y":-0.00000476837158203125,"z":-0.014340400695800782},"rotation":{"x":-0.2934577763080597,"y":-0.3300429880619049,"z":0.10875391215085983,"w":-0.8905767202377319},"size":37.04207229614258,"orthographic":false}