{"cameraMode":{"drawMode":0,"name":"Shaded","section":"Shading Mode"},"sceneLighting":false,"audioPlay":false,"sceneViewState":{"showFog":true,"showMaterialUpdate":false,"showSkybox":true,"showFlares":true,"showImageEffects":true,"showParticleSystems":true},"in2DMode":false,"pivot":{"x":7.715181827545166,"y":-45.69626235961914,"z":27.665990829467775},"rotation":{"x":0.4451397657394409,"y":0.06918583065271378,"z":-0.03452193737030029,"w":0.8921166658401489},"size":22.0,"orthographic":false}